Date,Open,High,Low,Close
2013-04-30,135.3,141.96,135.3,135.3
2013-05-03,117.0,117.0,91.01,91.01
2013-05-07,111.25,118.33,106.4,106.4
2013-05-11,112.64,118.78,112.64,113.01
2013-05-15,114.71,117.18,114.16,114.16
2013-05-19,115.5,123.88,115.5,120.5
2013-05-23,122.58,125.75,122.58,125.75
2013-05-27,131.7,134.6,128.99,128.99
2013-05-31,129.18,132.13,127.4,127.98
2013-06-03,129.09,129.09,121.16,121.16
2013-06-07,121.31,121.71,119.0,119.0
2013-06-11,110.09,110.09,99.75,105.99
2013-06-15,108.9,108.9,98.4,98.4
2013-06-19,99.99,106.55,99.99,106.55
2013-06-23,107.9,110.91,107.25,107.25
2013-06-27,108.0,108.0,102.44,103.39
2013-06-30,99.66,99.66,93.33,95.39
2013-07-03,97.5,97.5,89.49,90.8
2013-07-07,78.8,78.8,67.81,68.08
2013-07-11,77.5,85.75,76.39,85.75
2013-07-15,93.8,95.58,88.06,94.0
2013-07-19,97.3,98.98,88.79,88.79
2013-07-23,91.57,91.7,89.28,91.7
2013-07-27,94.58,96.95,94.13,94.13
2013-07-31,94.01,110.34,94.01,110.34
2013-08-03,106.23,106.23,101.61,103.7
2013-08-07,104.86,106.75,104.86,106.75
2013-08-11,101.67,103.77,101.67,103.77
2013-08-15,105.18,111.87,105.18,111.87
2013-08-19,109.87,118.78,109.87,118.78
2013-08-23,120.5,122.5,120.0,120.0
2013-08-27,120.44,125.67,120.44,125.67
2013-08-31,123.02,137.76,123.02,137.76
2013-09-03,138.17,138.17,137.17,137.51
2013-09-07,135.21,135.21,123.73,123.73
2013-09-11,121.77,131.65,121.77,131.65
2013-09-15,134.22,135.05,129.95,129.95
2013-09-19,131.48,132.06,130.23,130.23
2013-09-23,128.57,128.57,126.73,126.73
2013-09-27,126.09,131.84,126.09,131.84
2013-09-30,133.93,140.28,131.65,131.65
2013-10-03,132.55,132.55,123.07,123.07
2013-10-07,128.26,129.57,127.56,128.38
2013-10-11,125.72,130.9,125.72,130.27
2013-10-15,135.35,143.89,135.35,143.89
2013-10-19,143.61,170.51,143.61,170.51
2013-10-23,172.01,206.78,172.01,206.78
2013-10-27,198.8,198.8,172.48,189.83
2013-10-31,198.55,204.39,198.55,203.88
2013-11-03,205.26,212.45,205.26,212.45
2013-11-07,226.28,295.63,226.28,295.63
2013-11-11,332.02,358.0,313.0,340.55
2013-11-15,355.48,424.16,355.48,424.16
2013-11-19,437.41,614.4,437.41,614.4
2013-11-23,565.34,819.31,565.34,819.31
2013-11-27,764.43,914.13,764.43,914.13
2013-11-30,979.08,1127.45,979.08,1127.45
2013-12-03,1033.39,1078.64,974.03,1078.64
2013-12-07,1121.48,1121.48,811.98,811.98
2013-12-11,743.11,927.78,743.11,887.08
2013-12-15,878.17,897.27,854.62,854.62
2013-12-19,789.15,789.15,559.36,677.84
2013-12-23,694.25,694.25,596.12,645.75
2013-12-27,659.94,734.59,659.94,734.27
2013-12-31,738.81,760.52,726.47,755.16
2014-01-03,767.74,825.47,767.74,825.47
2014-01-07,849.14,936.38,826.5,826.5
2014-01-11,838.32,905.72,838.32,905.72
2014-01-15,867.45,867.45,838.05,860.44
2014-01-19,837.98,840.0,812.9,838.17
2014-01-23,869.15,869.57,846.97,846.97
2014-01-27,808.32,891.86,804.39,891.86
2014-01-31,777.0,817.93,777.0,817.93
2014-02-03,832.52,836.41,813.38,813.38
2014-02-07,832.36,832.36,721.32,721.32
2014-02-11,701.61,701.61,672.07,697.76
2014-02-15,655.26,655.26,623.57,644.1
2014-02-19,613.85,645.14,613.85,620.99
2014-02-23,593.89,622.97,571.06,622.97
2014-02-27,572.39,586.28,489.31,586.28
2014-02-28,567.2,585.79,560.11,585.79
2014-03-07,675.0,675.0,617.62,617.62
2014-03-11,610.37,636.17,610.37,624.23
2014-03-15,638.07,639.03,629.67,638.07
2014-03-19,629.55,629.55,610.64,610.64
2014-03-23,592.07,592.07,561.22,567.78
2014-03-27,571.42,584.44,567.64,567.64
2014-03-31,503.66,503.66,457.4,457.4
2014-04-03,478.72,478.72,437.52,447.08
2014-04-07,448.88,464.83,448.88,457.79
2014-04-11,450.46,450.46,360.84,420.06
2014-04-15,420.66,520.12,414.95,520.12
2014-04-19,529.16,529.16,478.23,501.55
2014-04-23,497.32,497.32,484.85,487.53
2014-04-27,494.27,494.27,437.92,437.92
2014-04-30,436.92,445.0,436.92,445.0
2014-05-03,455.09,455.09,434.03,434.03
2014-05-07,433.94,439.3,426.76,439.3
2014-05-11,437.36,452.51,436.28,436.28
2014-05-15,439.19,444.25,437.31,444.25
2014-05-19,445.17,445.85,443.87,443.87
2014-05-23,483.42,524.48,483.42,524.48
2014-05-27,523.11,579.62,523.11,569.48
2014-05-31,571.55,621.15,565.26,620.5
2014-06-03,640.16,667.37,640.16,667.37
2014-06-07,641.18,658.1,641.18,651.71
2014-06-11,649.9,649.9,630.04,630.04
2014-06-15,567.18,594.68,567.18,583.41
2014-06-19,592.52,607.16,592.52,593.39
2014-06-23,590.06,595.04,586.15,586.15
2014-06-27,582.41,598.24,561.47,598.24
2014-06-30,594.87,637.75,594.87,637.75
2014-07-03,643.94,648.11,640.28,640.28
2014-07-07,627.13,631.0,619.5,619.5
2014-07-11,620.05,630.84,615.13,630.84
2014-07-15,633.64,633.64,618.21,618.95
2014-07-19,614.15,627.02,614.15,626.18
2014-07-23,620.51,620.51,617.94,617.94
2014-07-27,599.81,600.1,590.38,590.38
2014-07-31,585.28,585.28,560.79,583.18
2014-08-03,593.87,593.87,585.57,585.57
2014-08-07,586.37,587.2,582.42,587.2
2014-08-11,590.91,590.91,573.41,573.41
2014-08-15,567.4,567.4,492.28,492.28
2014-08-19,521.05,521.05,459.89,484.15
2014-08-23,514.19,515.83,496.57,496.57
2014-08-27,508.11,510.64,500.39,510.45
2014-08-31,506.92,508.1,480.03,480.03
2014-09-03,475.82,475.82,474.69,474.73
2014-09-07,489.55,489.55,480.24,480.6
2014-09-11,471.13,477.11,471.13,476.38
2014-09-15,473.69,476.0,473.03,473.03
2014-09-19,462.59,462.59,393.26,393.26
2014-09-23,408.5,433.75,396.62,433.75
2014-09-27,420.92,420.92,398.01,398.01
2014-09-30,375.99,387.35,373.09,387.35
2014-10-03,380.89,380.89,356.19,356.19
2014-10-07,327.88,331.72,325.11,331.72
2014-10-11,353.39,359.52,353.39,359.52
2014-10-15,374.17,398.29,374.17,392.19
2014-10-19,379.39,389.12,379.39,386.95
2014-10-23,379.77,382.41,356.2,356.2
2014-10-27,354.32,354.32,347.03,348.29
2014-10-31,351.56,351.56,333.15,336.59
2014-11-03,323.98,324.0,323.98,324.0
2014-11-07,328.01,347.82,328.01,341.23
2014-11-11,344.18,366.15,344.18,366.15
2014-11-15,418.58,418.58,377.33,377.33
2014-11-19,387.62,387.62,374.87,376.79
2014-11-23,355.39,366.78,349.39,366.78
2014-11-27,377.74,377.74,365.77,368.45
2014-11-30,376.95,376.95,374.96,376.47
2014-12-03,379.49,381.38,374.1,374.1
2014-12-07,368.23,376.38,368.23,374.45
2014-12-11,361.43,361.43,346.91,346.91
2014-12-15,351.5,351.5,344.62,344.62
2014-12-19,328.53,328.53,309.77,317.54
2014-12-23,328.77,333.97,319.5,333.97
2014-12-27,322.19,327.72,314.57,314.57
2014-12-31,316.49,317.38,310.08,317.38
2015-01-03,313.99,314.45,286.57,286.57
2015-01-07,260.94,295.87,260.94,295.87
2015-01-11,284.45,289.57,267.18,267.18
2015-01-15,268.35,268.35,172.15,210.56
2015-01-19,205.82,214.55,199.49,214.55
2015-01-23,210.51,232.9,210.51,232.9
2015-01-27,248.1,271.29,248.1,259.24
2015-01-31,232.53,232.53,218.02,218.02
2015-02-03,226.27,240.02,226.01,226.01
2015-02-07,225.31,227.21,216.91,227.21
2015-02-11,222.91,222.91,219.1,219.1
2015-02-15,222.04,259.01,222.04,233.0
2015-02-19,235.92,242.46,234.62,240.3
2015-02-23,244.08,244.15,235.55,238.13
2015-02-27,238.73,253.9,236.17,253.9
2015-02-28,253.6,280.62,253.6,280.62
2015-03-07,273.02,275.58,272.34,275.58
2015-03-11,274.58,295.96,274.58,295.96
2015-03-15,293.92,293.92,281.49,285.26
2015-03-19,290.1,290.1,255.61,260.0
2015-03-23,260.91,267.8,259.49,266.03
2015-03-27,245.17,247.56,245.17,247.15
2015-03-31,252.05,252.05,241.91,243.27
2015-04-03,246.78,253.62,246.78,253.62
2015-04-07,253.32,259.71,253.21,253.21
2015-04-11,244.27,244.27,234.53,236.45
2015-04-15,235.74,235.74,218.0,223.02
2015-04-19,228.0,228.0,222.42,222.68
2015-04-23,224.31,235.17,224.31,235.17
2015-04-27,230.99,230.99,218.51,228.57
2015-04-30,225.64,236.22,225.64,236.22
2015-05-03,232.74,239.88,232.74,239.88
2015-05-07,238.97,238.97,229.82,236.85
2015-05-11,243.66,243.66,239.55,241.85
2015-05-15,241.52,241.52,235.48,236.99
2015-05-19,235.98,236.08,231.94,231.94
2015-05-23,234.05,240.94,234.05,239.03
2015-05-27,241.24,241.24,237.23,237.23
2015-05-31,237.49,237.49,229.68,229.68
2015-06-03,223.32,225.74,223.32,225.48
2015-06-07,224.17,225.29,223.62,223.62
2015-06-11,228.7,229.93,228.7,229.93
2015-06-15,230.52,237.2,230.52,237.2
2015-06-19,250.47,250.47,243.0,243.0
2015-06-23,245.48,247.28,243.85,243.85
2015-06-27,240.54,250.62,240.54,250.62
2015-06-30,248.35,262.41,248.35,262.41
2015-07-03,257.51,257.51,254.65,255.16
2015-07-07,260.42,271.04,260.42,265.38
2015-07-11,269.61,291.89,268.89,291.89
2015-07-15,310.19,310.19,283.95,283.95
2015-07-19,276.68,278.37,272.81,272.81
2015-07-23,277.25,277.25,274.94,275.61
2015-07-27,288.44,292.61,288.39,292.61
2015-07-31,293.99,293.99,283.68,283.68
2015-08-03,280.7,281.83,280.7,281.83
2015-08-07,284.24,284.24,278.01,278.51
2015-08-11,259.8,269.87,259.8,269.87
2015-08-15,267.71,267.71,260.48,260.48
2015-08-19,257.82,257.82,225.96,225.96
2015-08-23,234.64,234.64,227.25,227.25
2015-08-27,210.09,225.27,210.09,222.97
2015-08-31,231.66,231.66,228.07,230.08
2015-09-03,227.16,228.64,226.57,226.57
2015-09-07,230.05,240.5,230.05,240.5
2015-09-11,243.56,243.56,237.95,240.0
2015-09-15,234.91,234.91,229.91,229.91
2015-09-19,228.46,232.75,228.46,231.27
2015-09-23,230.66,230.66,226.45,229.87
2015-09-27,233.93,234.98,232.83,232.83
2015-09-30,239.28,239.28,236.05,236.05
2015-10-03,237.74,238.97,237.26,238.97
2015-10-07,238.66,246.44,238.66,243.22
2015-10-11,242.9,247.54,242.9,247.54
2015-10-15,245.57,254.63,245.57,254.63
2015-10-19,262.37,270.36,262.23,264.21
2015-10-23,270.27,277.39,267.02,277.39
2015-10-27,282.96,294.81,282.96,294.81
2015-10-31,303.64,325.8,303.64,312.28
2015-11-03,325.0,398.24,325.0,398.24
2015-11-07,404.36,404.36,372.83,387.06
2015-11-11,371.5,380.64,305.98,305.98
2015-11-15,337.96,337.96,320.48,320.48
2015-11-19,331.35,335.45,325.57,325.57
2015-11-23,321.42,325.16,321.42,322.83
2015-11-27,319.98,359.01,319.98,359.01
2015-11-30,356.21,378.27,356.21,378.27
2015-12-03,363.45,363.45,358.82,360.95
2015-12-07,362.77,394.36,362.77,394.36
2015-12-11,412.93,452.41,412.93,452.41
2015-12-15,434.9,465.0,434.9,465.0
2015-12-19,453.91,463.82,453.91,462.05
2015-12-23,441.13,442.82,436.24,442.82
2015-12-27,454.91,455.74,417.09,423.93
2015-12-31,420.71,432.15,420.71,431.14
2016-01-03,434.43,434.43,430.2,430.2
2016-01-07,433.53,456.43,431.34,456.43
2016-01-11,454.7,454.7,447.21,448.35
2016-01-15,445.79,445.79,365.91,365.91
2016-01-19,384.81,386.36,379.02,379.02
2016-01-23,418.85,418.85,377.21,389.64
2016-01-27,403.06,403.06,392.33,394.49
2016-01-31,379.55,379.55,364.35,364.35
2016-02-03,371.04,372.87,368.12,368.12
2016-02-07,388.38,388.38,374.9,375.52
2016-02-11,371.14,379.83,371.14,377.06
2016-02-15,382.72,404.14,382.72,399.38
2016-02-19,407.01,421.42,407.01,419.38
2016-02-23,441.12,441.12,420.3,420.3
2016-02-27,423.19,432.14,423.14,432.14
2016-02-29,432.8,436.92,432.8,436.92
2016-03-03,431.37,431.37,420.17,420.17
2016-03-07,409.41,413.74,397.24,413.74
2016-03-11,411.88,419.3,411.88,419.3
2016-03-15,410.8,415.64,410.8,415.64
2016-03-19,416.54,418.4,406.74,406.74
2016-03-23,411.88,418.08,411.09,418.08
2016-03-27,414.88,425.35,414.88,425.35
2016-03-31,422.76,422.76,412.6,415.37
2016-04-03,416.75,419.67,416.75,418.19
2016-04-07,419.44,422.65,419.44,421.08
2016-04-11,418.47,422.58,416.15,422.58
2016-04-15,426.18,429.97,424.27,429.97
2016-04-19,430.94,436.37,428.03,436.37
2016-04-23,441.92,451.82,441.92,451.82
2016-04-27,459.92,467.86,444.79,444.79
2016-04-30,449.38,456.57,447.9,447.9
2016-05-03,452.59,452.59,444.49,450.3
2016-05-07,447.12,461.62,447.12,459.25
2016-05-11,459.28,461.75,450.33,452.18
2016-05-15,454.73,457.84,454.73,457.84
2016-05-19,454.89,454.89,440.54,440.54
2016-05-23,441.89,443.18,438.68,443.18
2016-05-27,445.77,473.86,445.77,473.86
2016-05-31,528.55,534.22,524.62,531.41
2016-06-03,539.17,570.44,538.83,570.44
2016-06-07,573.53,585.56,573.53,577.91
2016-06-11,583.14,597.75,577.61,597.75
2016-06-15,671.71,704.29,671.71,693.23
2016-06-19,765.46,765.46,749.42,764.05
2016-06-23,734.16,734.16,591.9,623.21
2016-06-27,661.42,666.06,629.31,648.3
2016-06-30,646.84,671.62,637.44,671.62
2016-07-03,677.71,693.05,664.75,664.75
2016-07-07,678.7,678.7,638.62,638.62
2016-07-11,665.74,665.74,649.07,649.07
2016-07-15,670.95,670.95,658.15,665.69
2016-07-19,663.5,678.39,663.5,674.56
2016-07-23,670.89,670.89,651.09,655.42
2016-07-27,660.85,660.85,651.31,655.62
2016-07-31,655.89,657.34,623.75,623.75
2016-08-03,605.75,605.75,517.13,567.38
2016-08-07,576.6,592.67,576.03,592.67
2016-08-11,590.71,592.27,585.3,587.61
2016-08-15,586.53,586.53,567.73,567.73
2016-08-19,578.22,578.22,571.46,573.49
2016-08-23,581.95,585.22,580.59,582.0
2016-08-27,577.89,578.1,568.58,568.58
2016-08-31,573.53,576.08,571.76,571.76
2016-09-03,571.59,596.2,571.59,596.2
2016-09-07,608.69,614.33,606.64,614.33
2016-09-11,625.47,625.47,605.32,605.32
2016-09-15,605.83,608.43,605.58,605.58
2016-09-19,606.55,608.8,605.34,608.62
2016-09-23,607.77,607.77,594.96,601.89
2016-09-27,601.27,606.1,599.31,604.21
2016-09-30,603.55,608.26,603.55,608.26
2016-10-03,614.06,614.06,610.36,611.96
2016-10-07,609.24,616.22,609.24,616.22
2016-10-11,616.53,640.7,614.31,640.7
2016-10-15,635.62,638.18,634.62,637.21
2016-10-19,640.19,640.19,628.44,628.44
2016-10-23,628.54,652.09,628.54,649.63
2016-10-27,648.77,683.37,648.77,683.37
2016-10-31,687.56,715.41,687.56,698.58
2016-11-03,729.2,734.16,686.06,686.06
2016-11-07,702.11,712.13,702.11,706.09
2016-11-11,708.94,721.18,708.94,715.64
2016-11-15,703.76,712.16,702.35,712.16
2016-11-19,740.9,750.41,738.48,750.41
2016-11-23,728.37,748.12,728.37,741.17
2016-11-27,736.75,738.2,727.76,727.76
2016-11-30,731.84,742.36,731.81,742.36
2016-12-03,753.06,771.17,753.06,764.83
2016-12-07,766.37,766.37,752.24,763.91
2016-12-11,768.67,773.13,768.23,768.23
2016-12-15,778.43,778.43,775.57,775.57
2016-12-19,781.34,790.12,781.34,790.12
2016-12-23,799.72,917.1,799.72,917.1
2016-12-27,891.68,929.12,891.68,929.12
2016-12-31,977.14,977.14,960.93,966.57
2017-01-03,998.05,1035.53,998.05,1035.53
2017-01-07,1130.85,1130.85,894.03,900.08
2017-01-11,908.09,908.09,784.28,784.28
2017-01-15,799.43,824.5,799.43,821.91
2017-01-19,828.31,904.15,828.31,896.89
2017-01-23,891.46,919.68,891.46,918.91
2017-01-27,885.79,918.29,885.79,918.29
2017-01-31,920.25,968.27,914.14,968.27
2017-02-03,986.57,1015.44,986.57,1015.44
2017-02-07,1033.63,1051.5,1016.93,1051.5
2017-02-11,1055.3,1055.3,981.7,1010.95
2017-02-15,1000.52,1010.1,996.1,1008.88
2017-02-19,1034.9,1058.58,1034.9,1053.5
2017-02-23,1082.02,1185.65,1082.02,1185.65
2017-02-27,1180.87,1193.13,1149.4,1193.13
2017-02-28,1190.33,1289.54,1190.33,1289.54
2017-03-07,1268.81,1280.99,1233.06,1233.06
2017-03-11,1149.63,1191.24,1100.01,1181.2
2017-03-15,1230.56,1258.46,1230.56,1258.46
2017-03-19,1217.31,1217.31,961.96,1023.49
2017-03-23,1036.33,1112.7,1029.14,1029.14
2017-03-27,940.02,1042.61,940.02,1042.61
2017-03-31,1044.72,1078.27,1031.49,1078.27
2017-04-03,1085.25,1139.31,1085.25,1139.31
2017-04-07,1140.5,1194.21,1132.34,1189.78
2017-04-11,1182.27,1226.62,1182.27,1226.62
2017-04-15,1218.3,1218.3,1174.21,1180.32
2017-04-19,1186.31,1225.72,1186.31,1225.72
2017-04-23,1253.9,1254.99,1247.84,1247.84
2017-04-27,1249.96,1331.31,1249.96,1331.31
2017-04-30,1321.21,1349.89,1321.21,1349.89
2017-05-03,1408.45,1485.82,1408.45,1485.82
2017-05-07,1499.36,1557.88,1499.36,1557.88
2017-05-11,1633.38,1808.78,1633.38,1808.78
2017-05-15,1700.77,1767.71,1696.13,1696.13
2017-05-19,1716.32,1972.9,1716.32,1972.9
2017-05-23,2043.42,2292.7,2043.42,2292.7
2017-05-27,2448.13,2448.13,2082.85,2082.85
2017-05-31,2219.49,2329.08,2167.64,2329.08
2017-06-03,2436.04,2562.54,2436.04,2562.54
2017-06-07,2556.41,2903.44,2556.41,2716.06
2017-06-11,2824.2,3013.71,2817.06,3013.71
2017-06-15,2701.26,2736.19,2444.49,2444.49
2017-06-19,2513.81,2683.57,2513.81,2620.14
2017-06-23,2777.79,2777.79,2717.0,2737.75
2017-06-27,2618.42,2618.42,2488.19,2531.35
2017-06-30,2575.44,2575.44,2490.75,2490.75
2017-07-03,2439.82,2576.71,2439.82,2576.71
2017-07-07,2611.0,2612.67,2509.22,2509.22
2017-07-11,2563.2,2563.2,2353.91,2353.91
2017-07-15,2387.33,2387.33,2033.29,2033.29
2017-07-19,1927.1,2303.89,1927.1,2274.62
2017-07-23,2766.83,2802.35,2658.07,2731.6
2017-07-27,2751.35,2751.35,2507.39,2649.44
2017-07-31,2798.83,2871.37,2720.1,2871.37
2017-08-03,2737.76,2777.37,2697.85,2777.37
2017-08-07,2845.9,3356.71,2845.9,3356.71
2017-08-11,3410.45,3562.59,3330.9,3562.59
2017-08-15,3800.14,4175.7,3800.14,4149.31
2017-08-19,4262.56,4286.92,4097.69,4115.21
2017-08-23,4001.23,4069.08,3935.23,4069.08
2017-08-27,4167.29,4199.89,4116.47,4116.47
2017-08-31,4216.24,4702.94,4216.24,4702.94
2017-09-03,4863.19,4863.19,4556.6,4632.46
2017-09-07,4317.19,4592.25,4317.19,4584.82
2017-09-11,4285.21,4285.21,4132.66,4164.98
2017-09-15,4130.96,4130.96,3100.67,3587.94
2017-09-19,3606.28,4012.29,3553.43,3898.93
2017-09-23,3858.02,3858.02,3622.18,3763.41
2017-09-27,3672.31,4134.21,3672.31,4134.21
2017-09-30,4134.88,4297.79,4130.42,4297.79
2017-10-03,4347.58,4383.33,4319.07,4319.07
2017-10-07,4231.46,4405.02,4231.46,4405.02
2017-10-11,4562.32,4807.93,4562.32,4807.93
2017-10-15,5331.62,5684.05,5331.62,5684.05
2017-10-19,5728.93,5728.93,5592.78,5696.38
2017-10-23,5952.77,6043.97,5952.77,5959.98
2017-10-27,5550.08,5883.05,5550.08,5775.52
2017-10-31,5734.31,6368.65,5734.31,6368.65
2017-11-03,6714.79,7234.74,6714.79,7234.74
2017-11-07,7390.54,7416.27,7103.05,7166.74
2017-11-11,7461.82,7461.82,6365.4,6365.4
2017-11-15,5866.51,7297.67,5866.51,7297.67
2017-11-19,7814.94,8011.15,7783.54,8011.15
2017-11-23,8220.51,8257.12,8114.13,8117.66
2017-11-27,8278.13,9831.4,8278.13,9831.4
2017-11-30,10257.07,10406.19,9875.89,10406.19
2017-12-03,10995.72,11256.7,10995.72,11256.7
2017-12-07,11634.98,18491.18,11634.98,18491.18
2017-12-11,16908.0,17106.51,15266.43,17106.51
2017-12-15,17249.92,17978.63,16525.04,17978.63
2017-12-19,19665.39,19665.39,18174.19,18174.19
2017-12-23,17059.89,17059.89,14084.82,15241.92
2017-12-27,14451.11,16616.68,14302.75,16373.08
2017-12-31,15067.9,15096.56,13620.36,14839.59
2018-01-03,14093.61,15583.89,14093.61,15583.89
2018-01-07,15976.37,18343.66,15976.37,17039.87
2018-01-11,15900.37,15900.37,14050.57,14050.57
2018-01-15,14759.29,15193.31,14412.0,14412.0
2018-01-19,11723.91,11758.47,11415.39,11758.47
2018-01-23,13260.27,13260.27,10894.0,10894.0
2018-01-27,11277.12,11456.21,11044.91,11456.21
2018-01-31,11665.7,11665.7,9989.69,9989.69
2018-02-03,10114.5,10114.5,8830.16,8830.16
2018-02-07,8994.91,8994.91,6852.05,7711.22
2018-02-11,7611.61,8650.72,7611.61,8574.68
2018-02-15,8168.64,9428.03,8168.64,9428.03
2018-02-19,10112.58,11006.65,10112.58,10523.43
2018-02-23,11103.09,11502.38,9973.59,10032.86
2018-02-27,10301.88,10355.58,9699.52,10355.58
2018-02-28,10709.39,11098.08,10346.66,11098.08
2018-03-07,11356.04,11526.42,10727.72,10727.72
2018-03-11,9999.68,9999.68,8890.87,8890.87
2018-03-15,9512.46,9512.46,8307.22,8307.22
2018-03-19,8359.37,8520.01,8063.41,8217.84
2018-03-23,8640.52,8970.32,8640.52,8736.39
2018-03-27,8824.59,8824.59,8186.2,8186.2
2018-03-31,7836.76,7930.78,6897.27,6897.27
2018-04-03,6975.28,7080.42,6836.57,7080.42
2018-04-07,7464.36,7464.36,6628.75,6628.75
2018-04-11,6884.48,6984.81,6778.49,6829.32
2018-04-15,6925.1,7897.72,6925.1,7897.72
2018-04-19,8258.07,8258.07,7873.64,8097.42
2018-04-23,8277.46,8878.43,8277.46,8769.01
2018-04-27,8881.39,9716.49,8825.2,9221.87
2018-04-30,8940.38,9325.63,8940.38,9325.63
2018-05-03,9198.19,9198.19,9024.39,9122.65
2018-05-07,9551.14,9766.24,9551.14,9583.87
2018-05-11,9308.27,9308.27,8969.94,8969.94
2018-05-15,8405.56,8696.97,8405.56,8696.97
2018-05-19,8473.35,8473.35,8056.05,8202.83
2018-05-23,8180.63,8443.26,8009.3,8009.3
2018-05-27,7556.32,7563.44,7328.87,7328.87
2018-05-31,7326.64,7451.23,7111.07,7380.85
2018-06-03,7460.17,7567.51,7460.17,7567.51
2018-06-07,7639.88,7639.88,7463.65,7605.58
2018-06-11,7613.78,7613.78,6767.5,6767.5
2018-06-15,6880.13,6880.13,6334.1,6644.72
2018-06-19,6406.81,6677.53,6406.81,6677.53
2018-06-23,6708.68,6714.38,6088.58,6088.58
2018-06-27,6169.44,6241.85,6069.87,6069.87
2018-06-30,6117.04,6182.26,5879.99,6182.26
2018-07-03,6366.5,6595.55,6312.88,6595.55
2018-07-07,6497.61,6603.29,6497.61,6603.29
2018-07-11,6759.84,6759.84,6303.38,6303.38
2018-07-15,6373.23,6373.23,6230.59,6246.14
2018-07-19,6349.7,7334.77,6349.7,7334.77
2018-07-23,7442.8,7442.8,7331.87,7395.87
2018-07-27,7705.0,8422.37,7705.0,7929.08
2018-07-31,8145.33,8197.59,8145.33,8185.92
2018-08-03,7738.25,7738.25,7540.63,7540.63
2018-08-07,7411.67,7411.67,6926.12,6926.12
2018-08-11,6711.73,6711.73,6166.59,6166.59
2018-08-15,6205.22,6318.41,6205.22,6212.23
2018-08-19,6267.77,6566.72,6267.77,6382.06
2018-08-23,6475.49,6475.49,6242.88,6336.66
2018-08-27,6521.07,6736.04,6521.07,6728.29
2018-08-31,6911.1,7075.98,6911.1,7024.15
2018-09-03,7027.63,7305.27,7027.63,7305.27
2018-09-07,7260.9,7359.46,6498.28,6498.28
2018-09-11,6397.82,6397.82,6181.19,6308.14
2018-09-15,6278.92,6500.01,6278.92,6500.01
2018-09-19,6530.22,6530.22,6250.12,6347.07
2018-09-23,6383.75,6753.83,6383.75,6747.03
2018-09-27,6711.03,6711.03,6441.31,6462.8
2018-09-30,6704.7,6704.7,6606.07,6606.07
2018-10-03,6626.04,6626.04,6524.61,6524.61
2018-10-07,6499.26,6621.19,6499.26,6589.12
2018-10-11,6584.83,6653.09,6582.46,6582.46
2018-10-15,6234.37,6328.55,6234.37,6328.55
2018-10-19,6659.88,6659.88,6517.51,6517.51
2018-10-23,6483.83,6532.68,6483.83,6512.59
2018-10-27,6472.8,6481.44,6458.19,6468.83
2018-10-31,6457.06,6481.32,6292.65,6331.78
2018-11-03,6366.72,6425.44,6366.72,6425.44
2018-11-07,6388.19,6474.85,6351.06,6474.85
2018-11-11,6574.8,6574.8,6413.78,6429.9
2018-11-15,6434.28,6434.28,5788.61,5788.61
2018-11-19,5686.54,5686.54,5599.19,5638.86
2018-11-23,4889.2,4889.2,4307.39,4307.39
2018-11-27,4376.9,4376.9,3811.92,3811.92
2018-11-30,3832.92,4279.48,3832.92,4279.48
2018-12-03,4009.69,4189.57,4009.69,4124.59
2018-12-07,3878.84,3943.69,3466.76,3466.76
2018-12-11,3408.52,3550.55,3408.52,3433.81
2018-12-15,3378.81,3438.1,3216.63,3216.63
2018-12-19,3221.98,3655.78,3217.05,3655.78
2018-12-23,3687.75,4065.1,3687.75,3960.57
2018-12-27,3941.62,4021.99,3759.18,3781.61
2018-12-31,3587.7,3854.42,3587.7,3809.73
2019-01-03,3692.53,3872.17,3692.53,3872.17
2019-01-07,3776.53,4013.52,3776.53,4013.52
2019-01-11,3989.67,3989.67,3623.85,3623.85
2019-01-15,3632.85,3648.05,3495.83,3648.05
2019-01-19,3567.8,3620.98,3567.8,3597.79
2019-01-23,3674.59,3674.59,3531.0,3571.27
2019-01-27,3555.7,3565.64,3555.7,3563.61
2019-01-31,3553.12,3553.12,3413.38,3457.88
2019-02-03,3431.94,3486.58,3431.94,3486.58
2019-02-07,3454.03,3469.89,3405.84,3405.84
2019-02-11,3394.01,3675.69,3394.01,3675.69
2019-02-15,3631.44,3633.97,3589.66,3589.66
2019-02-19,3601.23,3886.52,3601.23,3886.52
2019-02-23,3915.01,3976.81,3915.01,3973.64
2019-02-27,4115.34,4115.34,3742.87,3809.21
2019-02-28,3813.38,3819.65,3813.38,3819.65
2019-03-07,3806.95,3860.51,3712.81,3860.51
2019-03-11,3871.64,3941.6,3861.88,3923.56
2019-03-15,3860.36,3876.7,3860.36,3876.7
2019-03-19,3925.46,4007.71,3925.46,3986.71
2019-03-23,4013.58,4045.57,3983.32,3989.16
2019-03-27,4008.95,4008.95,3927.58,3938.66
2019-03-31,4036.16,4103.86,4028.39,4103.86
2019-04-03,4103.52,4862.23,4103.52,4862.23
2019-04-07,4955.83,5041.87,4899.02,5041.87
2019-04-11,5176.98,5308.91,5172.18,5308.91
2019-04-15,5047.79,5149.31,5047.79,5149.31
2019-04-19,5039.88,5274.77,5039.88,5274.77
2019-04-23,5280.35,5380.94,5280.35,5380.94
2019-04-27,5557.93,5557.93,5203.09,5295.85
2019-04-30,5256.98,5257.8,5199.76,5199.76
2019-05-03,5292.8,5450.71,5292.8,5450.71
2019-05-07,5731.49,5803.94,5715.76,5715.76
2019-05-11,5841.05,6370.23,5841.05,6370.23
2019-05-15,7258.26,7990.06,6953.75,7990.06
2019-05-19,8192.22,8192.22,7300.66,7300.66
2019-05-23,8168.73,8168.73,7665.8,7665.8
2019-05-27,7861.81,8631.08,7861.81,8631.08
2019-05-31,8816.03,8816.03,8310.89,8310.89
2019-06-03,8575.65,8743.71,8554.26,8743.71
2019-06-07,8173.63,8173.63,7683.64,7821.12
2019-06-11,8036.11,8036.11,7668.03,8002.73
2019-06-15,7897.98,8671.51,7897.98,8671.51
2019-06-19,8818.61,9312.87,8818.61,9094.02
2019-06-23,9285.93,10704.92,9285.93,10704.92
2019-06-27,10846.13,12996.12,10846.13,12996.12
2019-06-30,11178.68,12352.2,11178.68,11972.56
2019-07-03,10888.1,10888.1,10639.05,10822.76
2019-07-07,11975.64,11975.64,10987.25,11279.48
2019-07-11,11436.43,12544.17,11436.43,12166.4
2019-07-15,11385.06,11804.56,10285.46,10285.46
2019-07-19,10911.35,10911.35,9538.83,10636.16
2019-07-23,10536.57,10774.28,10343.32,10343.32
2019-07-27,9936.38,9936.38,9799.31,9846.0
2019-07-31,9447.68,9568.44,9447.68,9568.44
2019-08-03,10063.0,10529.17,10063.0,10529.17
2019-08-07,10791.2,11818.53,10791.2,11510.16
2019-08-11,11970.66,12024.33,11327.84,11327.84
2019-08-15,11550.0,11550.0,10016.22,10016.22
2019-08-19,10295.88,10324.99,10224.22,10309.87
2019-08-23,10895.97,10895.97,10124.06,10127.79
2019-08-27,10385.51,10385.51,10090.06,10334.91
2019-08-31,10167.89,10167.89,9485.14,9588.99
2019-09-03,9607.29,10323.02,9607.29,10323.02
2019-09-07,10620.17,10620.17,10350.75,10350.75
2019-09-11,10461.55,10461.55,10121.1,10121.1
2019-09-15,10150.71,10401.32,10150.71,10349.55
2019-09-19,10305.68,10305.68,10158.85,10158.85
2019-09-23,10253.23,10253.23,9997.2,10041.3
2019-09-27,9699.5,9699.5,8098.81,8098.81
2019-09-30,8183.48,8225.11,8064.38,8064.38
2019-10-03,8271.29,8366.5,8271.29,8350.13
2019-10-07,8176.35,8176.35,7890.23,7890.23
2019-10-11,8182.25,8573.06,8180.69,8561.52
2019-10-15,8277.85,8347.35,8277.85,8347.35
2019-10-19,8175.86,8175.86,7957.31,7957.31
2019-10-23,7949.8,8220.92,7949.8,8045.29
2019-10-27,7468.53,9217.24,7433.92,9217.24
2019-10-31,9502.02,9502.02,9171.87,9171.87
2019-11-03,9151.82,9302.83,9151.82,9302.83
2019-11-07,9204.29,9378.95,9204.29,9340.05
2019-11-11,9221.07,9221.07,8795.9,9043.67
2019-11-15,8729.92,8806.75,8652.03,8652.03
2019-11-19,8480.44,8508.5,8202.83,8202.83
2019-11-23,8138.83,8138.83,7293.01,7293.01
2019-11-27,7309.69,7309.69,6935.74,7157.68
2019-11-30,7483.75,7720.87,7438.62,7720.87
2019-12-03,7556.4,7556.4,7308.98,7308.98
2019-12-07,7286.08,7530.92,7209.97,7530.92
2019-12-11,7493.55,7508.32,7233.95,7233.95
2019-12-15,7197.43,7247.35,7081.74,7081.74
2019-12-19,7108.56,7274.77,6627.16,7274.77
2019-12-23,7152.56,7488.2,7141.55,7488.2
2019-12-27,7335.21,7335.21,7204.18,7208.49
2019-12-31,7247.62,7394.03,7240.43,7240.43
2020-01-03,7195.15,7195.15,6963.85,6963.85
2020-01-07,7300.35,7734.68,7300.35,7734.68
2020-01-11,8147.42,8180.51,7832.8,8180.51
2020-01-15,8012.09,8801.87,8012.09,8801.87
2020-01-19,8820.85,8906.9,8720.92,8906.9
2020-01-23,8690.38,8724.82,8631.25,8665.44
2020-01-27,8415.96,8595.73,8348.67,8595.73
2020-01-31,8879.34,9509.81,8879.34,9509.81
2020-02-03,9308.06,9363.22,9308.06,9338.42
2020-02-07,9308.91,9744.64,9179.96,9744.64
2020-02-11,9799.45,10148.38,9799.45,9890.12
2020-02-15,10226.93,10328.9,10221.26,10320.16
2020-02-19,9894.14,10133.82,9723.61,10133.82
2020-02-23,9618.41,9673.01,9608.17,9658.61
2020-02-27,9946.72,9946.72,8801.66,8801.66
2020-02-29,8781.18,8781.18,8717.33,8717.33
2020-03-03,8552.99,8905.88,8552.99,8905.88
2020-03-07,8756.72,9135.85,8756.72,9135.85
2020-03-11,8902.2,8902.2,7906.73,7906.73
2020-03-15,7935.52,7935.52,5142.99,5214.19
2020-03-19,5397.93,5397.93,5032.5,5376.28
2020-03-23,6170.2,6195.6,5859.65,5859.65
2020-03-27,6456.35,6765.56,6456.35,6765.56
2020-03-31,6397.83,6403.14,5915.34,6403.14
2020-04-03,6421.71,6807.9,6421.71,6807.9
2020-04-07,6732.85,7297.64,6732.85,7297.64
2020-04-11,7196.78,7342.29,6864.69,6864.69
2020-04-15,6878.78,6913.16,6857.54,6860.18
2020-04-19,6629.43,7242.51,6629.43,7242.51
2020-04-23,7127.51,7127.51,6842.04,7110.0
2020-04-27,7382.79,7683.87,7382.79,7683.87
2020-04-30,7774.28,8744.43,7758.23,8744.43
2020-05-03,8610.64,8966.31,8610.64,8966.31
2020-05-07,8888.67,9144.69,8884.41,9144.69
2020-05-11,9959.17,9959.17,8752.62,8752.62
2020-05-15,8604.75,9796.49,8604.75,9796.49
2020-05-19,9309.3,9708.44,9309.3,9708.44
2020-05-23,9760.2,9760.2,9059.96,9131.77
2020-05-27,9170.36,9170.36,8731.85,8839.13
2020-05-31,9174.12,9662.71,9174.12,9662.71
2020-06-03,9466.96,10167.93,9466.96,9515.24
2020-06-07,9645.23,9776.2,9636.97,9662.86
2020-06-11,9738.6,9874.9,9738.6,9874.9
2020-06-15,9326.0,9469.53,9326.0,9345.96
2020-06-19,9431.72,9524.93,9399.77,9399.77
2020-06-23,9312.78,9678.68,9298.36,9678.68
2020-06-27,9624.68,9624.68,9166.49,9166.49
2020-06-30,9013.91,9185.17,9013.91,9185.17
2020-07-03,9149.72,9230.67,9094.32,9094.32
2020-07-07,9071.39,9342.38,9071.39,9342.38
2020-07-11,9253.63,9432.17,9235.72,9282.91
2020-07-15,9234.31,9297.48,9234.31,9247.06
2020-07-19,9203.37,9203.37,9136.48,9168.4
2020-07-23,9202.62,9514.3,9163.16,9514.3
2020-07-27,9589.82,9925.75,9535.94,9925.75
2020-07-31,10962.26,11116.31,10904.92,11116.31
2020-08-03,11325.55,11812.09,11066.31,11066.31
2020-08-07,11230.91,11768.13,11181.92,11768.13
2020-08-11,11571.49,11862.94,11571.49,11862.94
2020-08-15,11398.67,11817.16,11398.67,11777.39
2020-08-19,11864.91,12272.47,11864.91,11949.61
2020-08-23,11733.28,11861.84,11515.12,11676.39
2020-08-27,11647.93,11758.83,11350.75,11465.0
2020-08-31,11300.4,11701.0,11300.4,11701.0
2020-09-03,11672.32,11895.23,11418.25,11418.25
2020-09-07,10197.46,10484.47,10177.79,10260.02
2020-09-11,10359.45,10359.45,10125.01,10342.16
2020-09-15,10378.22,10661.1,10328.87,10661.1
2020-09-19,10787.58,10952.25,10787.58,10927.15
2020-09-23,11084.0,11084.0,10439.52,10527.59
2020-09-27,10223.78,10743.19,10223.78,10743.19
2020-09-30,10765.3,10837.52,10672.03,10837.52
2020-10-03,10770.88,10770.88,10572.67,10572.67
2020-10-07,10546.66,10784.95,10546.66,10605.96
2020-10-11,10668.01,11286.54,10668.01,11286.54
2020-10-15,11377.81,11543.18,11377.81,11435.57
2020-10-19,11495.58,11495.9,11319.1,11495.9
2020-10-23,11752.15,12951.04,11752.15,12951.04
2020-10-27,12928.07,13106.05,12928.07,13060.79
2020-10-31,13655.19,13655.19,13283.0,13537.17
2020-11-03,13778.64,13778.64,13558.36,13558.36
2020-11-07,13989.98,15553.33,13989.98,15548.31
2020-11-11,14818.46,15496.32,14818.46,15278.71
2020-11-15,15686.91,16326.81,15686.91,16095.56
2020-11-19,15984.67,17829.93,15984.67,17829.93
2020-11-23,17819.76,18689.53,17819.76,18390.61
2020-11-27,18360.69,19091.52,17138.03,17138.03
2020-11-30,17140.28,18169.95,17140.28,18169.95
2020-12-03,19609.52,19609.52,18857.42,19208.4
2020-12-07,19435.2,19435.2,18711.23,19325.55
2020-12-11,19198.81,19198.81,18262.06,18262.06
2020-12-15,18058.03,19259.97,18058.03,19259.97
2020-12-19,19432.36,23121.0,19432.36,23121.0
2020-12-23,23864.0,23864.0,22841.0,23795.0
2020-12-27,23308.0,26476.0,23308.0,26476.0
2020-12-31,26423.0,28837.0,26423.0,28837.0
2021-01-03,29022.0,32164.0,29022.0,32164.0
2021-01-07,33008.0,36934.0,31516.0,36934.0
2021-01-11,39547.0,40816.0,38398.0,38398.0
2021-01-15,35670.0,39233.0,33938.0,39233.0
2021-01-19,36788.0,36788.0,35804.0,36595.0
2021-01-23,36105.0,36105.0,30914.0,32958.0
2021-01-27,32068.0,32582.0,32068.0,32582.0
2021-01-31,30446.0,34200.0,30446.0,34200.0
2021-02-03,33065.0,35486.0,33065.0,35486.0
2021-02-07,37495.0,39279.0,36817.0,39279.0
2021-02-11,38833.0,46570.0,38833.0,44849.0
2021-02-15,47816.0,48608.0,46941.0,48608.0
2021-02-19,47898.0,52144.0,47898.0,51733.0
2021-02-23,56039.0,57669.0,54411.0,54411.0
2021-02-27,48692.0,49849.0,46551.0,46551.0
2021-02-28,46654.0,49787.0,44970.0,48532.0
2021-03-07,50577.0,50577.0,48727.0,49019.0
2021-03-11,51313.0,56020.0,51313.0,56020.0
2021-03-15,57789.0,61315.0,57354.0,59429.0
2021-03-19,55805.0,59015.0,55805.0,57922.0
2021-03-23,58243.0,58376.0,54370.0,54370.0
2021-03-27,54585.0,55033.0,51417.0,55033.0
2021-03-31,55832.0,58669.0,55728.0,58669.0
2021-04-03,58817.0,59060.0,58801.0,59060.0
2021-04-07,57060.0,58707.0,57060.0,58062.0
2021-04-11,56134.0,59979.0,56134.0,59979.0
2021-04-15,59988.0,63577.0,59911.0,62807.0
2021-04-19,63180.0,63180.0,56289.0,56289.0
2021-04-23,55721.0,56295.0,51966.0,51966.0
2021-04-27,51191.0,53979.0,48981.0,53979.0
2021-04-30,54992.0,54992.0,53597.0,53597.0
2021-05-03,57829.0,57829.0,56601.0,56601.0
2021-05-07,57200.0,57432.0,53464.0,56508.0
2021-05-11,57362.0,58772.0,55902.0,55902.0
2021-05-15,56929.0,56929.0,49913.0,49913.0
2021-05-19,46781.0,46781.0,43091.0,43091.0
2021-05-23,37287.0,40438.0,37287.0,37520.0
2021-05-27,34978.0,39407.0,34978.0,39407.0
2021-05-31,38643.0,38643.0,34775.0,35715.0
2021-06-03,37341.0,37686.0,36680.0,37686.0
2021-06-07,39151.0,39151.0,35547.0,35834.0
2021-06-11,33451.0,37554.0,33451.0,36903.0
2021-06-15,37289.0,40625.0,35666.0,40625.0
2021-06-19,40378.0,40378.0,35881.0,35881.0
2021-06-23,35582.0,35787.0,31712.0,32508.0
2021-06-27,33703.0,34675.0,31943.0,32024.0
2021-06-30,34607.0,35969.0,34557.0,35969.0
2021-07-03,35171.0,35171.0,33678.0,33951.0
2021-07-07,34730.0,35394.0,33928.0,34150.0
2021-07-11,33932.0,33971.0,32934.0,33705.0
2021-07-15,34300.0,34300.0,32676.0,32879.0
2021-07-19,31726.0,31919.0,31400.0,31919.0
2021-07-23,30928.0,32409.0,29972.0,32409.0
2021-07-27,33456.0,37282.0,33456.0,37282.0
2021-07-31,39077.0,41936.0,39077.0,41936.0
2021-08-03,41754.0,41754.0,39279.0,39279.0
2021-08-07,38368.0,42802.0,38368.0,42802.0
2021-08-11,44648.0,46311.0,43753.0,45640.0
2021-08-15,45652.0,47717.0,44495.0,47089.0
2021-08-19,47025.0,47025.0,44534.0,45015.0
2021-08-23,46745.0,49251.0,46745.0,49251.0
2021-08-27,49519.0,49519.0,47229.0,47229.0
2021-08-31,49083.0,49083.0,47124.0,47124.0
2021-09-03,47335.0,49339.0,47335.0,49339.0
2021-09-07,49935.0,52740.0,49935.0,52740.0
2021-09-11,46995.0,46995.0,44803.0,44803.0
2021-09-15,45196.0,47135.0,45140.0,47135.0
2021-09-19,48187.0,48267.0,47229.0,48267.0
2021-09-23,47371.0,47371.0,40387.0,43587.0
2021-09-27,44981.0,44981.0,42752.0,43337.0
2021-09-30,42247.0,42247.0,41010.0,41588.0
2021-10-03,43859.0,48182.0,43859.0,47778.0
2021-10-07,48283.0,55415.0,48283.0,55415.0
2021-10-11,53895.0,55125.0,53895.0,54712.0
2021-10-15,57573.0,57573.0,56335.0,57452.0
2021-10-19,61809.0,62018.0,61166.0,62018.0
2021-10-23,64518.0,66238.0,61029.0,61029.0
2021-10-27,61572.0,63228.0,60604.0,60604.0
2021-10-31,58641.0,62283.0,58641.0,61837.0
2021-11-03,61472.0,63247.0,61122.0,63247.0
2021-11-07,63131.0,63131.0,61247.0,61661.0
2021-11-11,63153.0,67617.0,63153.0,65061.0
2021-11-15,65006.0,65649.0,64432.0,65649.0
2021-11-19,63934.0,63934.0,56987.0,56987.0
2021-11-23,58459.0,60083.0,56387.0,56387.0
2021-11-27,57749.0,58898.0,53828.0,53828.0
2021-11-30,54533.0,57849.0,54533.0,57849.0
2021-12-03,57011.0,57169.0,56508.0,56508.0
2021-12-07,53786.0,53786.0,49162.0,50462.0
2021-12-11,50648.0,50648.0,47304.0,47304.0
2021-12-15,49242.0,50051.0,46696.0,48411.0
2021-12-19,48937.0,48937.0,46329.0,46970.0
2021-12-23,46807.0,49145.0,46807.0,48756.0
2021-12-27,50901.0,50901.0,50663.0,50853.0
2021-12-31,50774.0,50774.0,46507.0,47192.0
2022-01-03,46320.0,47816.0,46320.0,47387.0
2022-01-07,46531.0,46531.0,43216.0,43216.0
2022-01-11,41527.0,41870.0,41527.0,41870.0
2022-01-15,42777.0,43982.0,42608.0,43121.0
2022-01-19,43227.0,43227.0,42298.0,42395.0
2022-01-23,41750.0,41750.0,35180.0,35180.0
2022-01-27,36306.0,36989.0,36306.0,36870.0
2022-01-31,37277.0,38232.0,37277.0,37983.0
2022-02-03,38556.0,38836.0,37001.0,37001.0
2022-02-07,37101.0,42476.0,37101.0,42476.0
2022-02-11,43911.0,44384.0,43628.0,43628.0
2022-02-15,42445.0,42635.0,42248.0,42635.0
2022-02-19,44574.0,44574.0,40073.0,40073.0
2022-02-23,40193.0,40193.0,37060.0,38337.0
2022-02-27,37372.0,39316.0,37372.0,39090.0
2022-02-28,37804.0,44460.0,37804.0,43981.0
2022-03-07,42492.0,42492.0,38443.0,38443.0
2022-03-11,38076.0,41986.0,38076.0,39468.0
2022-03-15,38775.0,39669.0,37853.0,39669.0
2022-03-19,39332.0,41837.0,39332.0,41837.0
2022-03-23,42202.0,42402.0,41062.0,42402.0
2022-03-27,42802.0,44511.0,42802.0,44511.0
2022-03-31,46715.0,47459.0,46715.0,47063.0
2022-04-03,45528.0,46270.0,45528.0,45842.0
2022-04-07,46435.0,46623.0,43199.0,43199.0
2022-04-11,43515.0,43515.0,42275.0,42275.0
2022-04-15,39604.0,41205.0,39604.0,39959.0
2022-04-19,40587.0,40834.0,39739.0,40834.0
2022-04-23,41498.0,41498.0,39757.0,39757.0
2022-04-27,39562.0,40489.0,38134.0,38134.0
2022-04-30,39238.0,39742.0,38651.0,38651.0
2022-05-03,37821.0,38562.0,37821.0,38562.0
2022-05-07,37758.0,39699.0,36116.0,36116.0
2022-05-11,35573.0,35573.0,30270.0,31027.0
2022-05-15,28913.0,30189.0,28913.0,30189.0
2022-05-19,31319.0,31319.0,28772.0,28772.0
2022-05-23,30382.0,30382.0,29257.0,30351.0
2022-05-27,29163.0,29655.0,29163.0,29347.0
2022-05-31,28647.0,31741.0,28647.0,31741.0
2022-06-03,31866.0,31866.0,29833.0,30481.0
2022-06-07,29714.0,31373.0,29714.0,31373.0
2022-06-11,31265.0,31265.0,29101.0,29101.0
2022-06-15,28374.0,28374.0,22245.0,22245.0
2022-06-19,22529.0,22529.0,19047.42,19047.42
2022-06-23,20516.0,20701.0,19983.57,19983.57
2022-06-27,21100.0,21526.0,21053.0,21053.0
2022-06-30,20751.0,20751.0,20109.0,20109.0
2022-07-03,19608.4,19608.4,19268.23,19268.23
2022-07-07,19310.23,20567.0,19310.23,20567.0
2022-07-11,21661.0,21859.0,20860.0,20860.0
2022-07-15,19998.47,20575.0,19350.74,20575.0
2022-07-19,20795.0,22395.0,20795.0,22395.0
2022-07-23,23367.0,23367.0,22697.0,22697.0
2022-07-27,22506.0,22614.0,21236.0,21236.0
2022-07-31,22909.0,23848.0,22909.0,23653.0
2022-08-03,23380.0,23380.0,23054.0,23054.0
2022-08-07,22860.0,23225.0,22678.0,22985.0
2022-08-11,23198.0,23949.0,23198.0,23949.0
2022-08-15,23949.0,24434.0,23949.0,24313.0
2022-08-19,24179.0,24179.0,23248.0,23248.0
2022-08-23,20946.0,21616.0,20946.0,21388.0
2022-08-27,21562.0,21618.0,20271.0,20271.0
2022-08-31,20070.0,20309.0,19659.25,19805.35
2022-09-03,20024.0,20154.0,19941.45,19941.45
2022-09-07,19814.56,19980.01,18859.5,18859.5
2022-09-11,19280.63,21707.0,19280.63,21707.0
2022-09-15,21740.0,22340.0,20185.0,20256.0
2022-09-19,19702.17,20132.0,19437.16,19437.16
2022-09-23,19570.39,19570.39,18539.64,19464.32
2022-09-27,19291.9,19291.9,18809.41,19219.73
2022-09-30,19116.33,19563.77,19116.33,19563.77
2022-10-03,19476.93,19476.93,19065.15,19065.15
2022-10-07,19620.57,20345.0,19620.57,19949.05
2022-10-11,19457.31,19457.31,19142.69,19142.69
2022-10-15,19058.63,19383.94,19058.63,19198.11
2022-10-19,19072.78,19557.9,19072.78,19348.03
2022-10-23,19134.24,19203.87,19031.16,19203.87
2022-10-27,19574.82,20774.0,19316.94,20774.0
2022-10-31,20278.0,20801.0,20278.0,20624.0
2022-11-03,20495.0,20495.0,20163.0,20163.0
2022-11-07,20211.0,21283.0,20211.0,20907.0
2022-11-11,20598.0,20598.0,15742.44,17594.92
2022-11-15,17080.22,17080.22,16344.34,16645.83
2022-11-19,16890.53,16890.53,16689.4,16707.02
2022-11-23,16712.73,16712.73,15814.34,16171.63
2022-11-27,16608.01,16608.01,16456.16,16456.16
2022-11-30,16459.15,16459.15,16222.21,16441.98
2022-12-03,17186.5,17186.5,16972.73,17084.87
2022-12-07,16923.38,17149.93,16923.38,17085.64
2022-12-11,16851.3,17235.01,16851.3,17125.36
2022-12-15,17101.04,17808.72,17101.04,17808.72
2022-12-19,17338.36,17338.36,16623.76,16742.82
2022-12-23,16422.56,16899.33,16422.56,16824.79
2022-12-27,16791.46,16900.08,16791.46,16900.08
2022-12-31,16701.84,16701.84,16538.91,16604.02
2023-01-03,16540.69,16674.34,16540.69,16674.34
2023-01-07,16677.65,16960.23,16677.65,16960.23
2023-01-11,16950.86,17436.9,16950.86,17436.9
2023-01-15,17996.83,21019.0,17996.83,21019.0
2023-01-19,20853.0,21175.0,20727.0,20727.0
2023-01-23,21082.0,22771.0,21082.0,22737.0
2023-01-27,22985.0,23180.0,22610.0,23025.0
2023-01-31,23083.0,23797.0,22840.0,22840.0
2023-02-03,23137.0,23725.0,23137.0,23540.0
2023-02-07,23452.0,23452.0,22786.0,22786.0
2023-02-11,23295.0,23295.0,21630.0,21630.0
2023-02-15,21889.0,22220.0,21780.0,22220.0
2023-02-19,24308.0,24643.0,23757.0,24643.0
2023-02-23,24284.0,24787.0,24146.0,24146.0
2023-02-27,23951.0,23951.0,23157.0,23541.0
2023-02-28,23518.0,23634.0,23156.0,23464.0
2023-03-07,22367.0,22422.0,22348.0,22415.0
2023-03-11,22217.0,22217.0,20195.0,20195.0
2023-03-15,20522.0,24759.0,20522.0,24759.0
2023-03-19,24471.0,27467.0,24471.0,27108.0
2023-03-23,28187.0,28264.0,27449.0,27449.0
2023-03-27,28460.0,28460.0,27595.0,28048.0
2023-03-31,27182.0,28395.0,27182.0,28041.0
2023-04-03,28517.0,28517.0,28237.0,28237.0
2023-04-07,27815.0,28197.0,27815.0,28043.0
2023-04-11,27934.0,29658.0,27934.0,29658.0
2023-04-15,30261.0,30468.0,29904.0,30468.0
2023-04-19,30312.0,30366.0,29467.0,30366.0
2023-04-23,28833.0,28833.0,27300.0,27862.0
2023-04-27,27607.0,28352.0,27512.0,28352.0
2023-04-30,29484.0,29484.0,29218.0,29218.0
2023-05-03,29362.0,29362.0,28126.0,28654.0
2023-05-07,28988.0,29520.0,28846.0,28888.0
2023-05-11,28611.0,28611.0,27607.0,27640.0
2023-05-15,27025.0,27025.0,26788.0,26912.0
2023-05-19,27228.0,27390.0,26843.0,26843.0
2023-05-23,26884.0,27094.0,26774.0,26870.0
2023-05-27,27223.0,27223.0,26339.0,26718.0
2023-05-31,26848.0,28110.0,26848.0,27714.0
2023-06-03,27245.0,27248.0,26824.0,27248.0
2023-06-07,27066.0,27315.0,25793.0,27217.0
2023-06-11,26346.0,26508.0,25858.0,25858.0
2023-06-15,25917.0,25917.0,25108.0,25108.0
2023-06-19,25565.0,26501.0,25565.0,26333.0
2023-06-23,26779.0,30102.0,26779.0,29936.0
2023-06-27,30629.0,30629.0,30286.0,30286.0
2023-06-30,30694.0,30694.0,30083.0,30467.0
2023-07-03,30481.0,30584.0,30481.0,30572.0
2023-07-07,31135.0,31135.0,29990.0,29990.0
2023-07-11,30315.0,30394.0,30170.0,30394.0
2023-07-15,30621.0,31446.0,30312.0,30312.0
2023-07-19,30298.0,30298.0,29848.0,29848.0
2023-07-23,29920.0,29920.0,29710.0,29710.0
2023-07-27,30058.0,30058.0,29185.0,29364.0
2023-07-31,29200.0,29357.0,29200.0,29278.0
2023-08-03,29233.0,29537.0,29147.0,29147.0
2023-08-07,29176.0,29176.0,29044.0,29044.0
2023-08-11,29178.0,29780.0,29178.0,29424.0
2023-08-15,29397.0,29412.0,29285.0,29401.0
2023-08-19,29170.0,29170.0,26043.0,26043.0
2023-08-23,26105.0,26161.0,26034.0,26034.0
2023-08-27,26450.0,26450.0,26002.0,26002.0
2023-08-31,26083.0,27731.0,26083.0,27297.0
2023-09-03,25927.0,25927.0,25812.0,25854.0
2023-09-07,25960.0,25960.0,25753.0,25753.0
2023-09-11,26192.0,26192.0,25835.0,25835.0
2023-09-15,25133.0,26531.0,25133.0,26531.0
2023-09-19,26635.0,26741.0,26521.0,26741.0
2023-09-23,27219.0,27219.0,26561.0,26572.0
2023-09-27,26574.0,26574.0,26205.0,26205.0
2023-09-30,26350.0,27009.0,26350.0,26917.0
2023-10-03,26970.0,27968.0,26970.0,27615.0
2023-10-07,27439.0,27958.0,27436.0,27958.0
2023-10-11,27978.0,27978.0,27392.0,27392.0
2023-10-15,26842.0,26863.0,26729.0,26863.0
2023-10-19,27150.0,28513.0,27150.0,28328.0
2023-10-23,28716.0,30019.0,28716.0,30019.0
2023-10-27,32953.0,34472.0,32953.0,34174.0
2023-10-31,33899.0,34556.0,33899.0,34499.0
2023-11-03,34672.0,35457.0,34672.0,34924.0
2023-11-07,34731.0,35062.0,34731.0,35031.0
2023-11-11,35437.0,37344.0,35437.0,37344.0
2023-11-15,37123.0,37123.0,35545.0,35545.0
2023-11-19,37904.0,37904.0,36202.0,36582.0
2023-11-23,37414.0,37489.0,35965.0,37465.0
2023-11-27,37293.0,37810.0,37293.0,37492.0
2023-11-30,37250.0,37810.0,37250.0,37810.0
2023-12-03,37712.0,39482.0,37712.0,39482.0
2023-12-07,39960.0,44106.0,39960.0,43788.0
2023-12-11,43270.0,44202.0,43270.0,43758.0
2023-12-15,41201.0,43010.0,41201.0,43010.0
2023-12-19,41992.0,42684.0,41411.0,42684.0
2023-12-23,42250.0,44004.0,42250.0,44004.0
2023-12-27,43752.0,43752.0,42516.0,42516.0
2023-12-31,43418.0,43418.0,42075.0,42221.0
2024-01-03,42208.0,44995.0,42208.0,44995.0
2024-01-07,42822.0,44196.0,42822.0,43956.0
2024-01-11,43884.0,46936.0,43884.0,46632.0
2024-01-15,46314.0,46314.0,41801.0,41801.0
2024-01-19,42587.0,43148.0,41261.0,41261.0
2024-01-23,41601.0,41626.0,39505.0,39505.0
2024-01-27,39833.0,41863.0,39833.0,41863.0
2024-01-31,42120.0,43268.0,42027.0,42892.0
2024-02-03,42583.0,43171.0,42583.0,43171.0
2024-02-07,42977.0,43088.0,42599.0,43088.0
2024-02-11,44247.0,47769.0,44247.0,47769.0
2024-02-15,48190.0,51790.0,48190.0,51790.0
2024-02-19,51958.0,52166.0,51685.0,52138.0
2024-02-23,51764.0,52287.0,51320.0,51320.0
2024-02-27,50841.0,54478.0,50841.0,54478.0
2024-02-29,57004.0,62559.0,57004.0,62559.0
2024-03-03,61298.0,62427.0,61298.0,62068.0
2024-03-07,63053.0,68187.0,63053.0,66146.0
2024-03-11,66945.0,69076.0,66945.0,69076.0
2024-03-15,72131.0,72131.0,72131.0,72131.0
